{
  "task": "f1tenth_Oschersleben",
  "ckpt": "runs/e1_sub1lap/checkpoint_380000.pt",
  "v_max": 20.0,
  "episodes": 1,
  "aggregate": {
    "n_episodes": 1,
    "n_completed": 1,
    "completion_rate": 1.0,
    "n_laps": 2,
    "lap_median": 17.429999351501465,
    "lap_best": 16.799999237060547,
    "cause_counts": {
      "lap_complete": 1
    }
  },
  "best_2lap_s": 34.86,
  "median_2lap_s": 34.86,
  "baseline_2lap_s": 107.16,
  "cap10_record_s": 56.14,
  "per_episode": [
    {
      "cause": "lap_complete",
      "lap_times": [
        18.059999465942383,
        16.799999237060547
      ],
      "length": 1743,
      "return": 749.9958566284181,
      "total_time_s": 34.86,
      "two_lap_sum_s": 34.86
    }
  ]
}